-- phpMyAdmin SQL Dump
-- version 4.5.1
-- http://www.phpmyadmin.net
--
-- Gép: 127.0.0.1
-- Létrehozás ideje: 2017. Dec 06. 22:02
-- Kiszolgáló verziója: 10.1.16-MariaDB
-- PHP verzió: 5.6.24

SET SQL_MODE = "NO_AUTO_VALUE_ON_ZERO";
SET time_zone = "+00:00";


/*!40101 SET @OLD_CHARACTER_SET_CLIENT=@@CHARACTER_SET_CLIENT */;
/*!40101 SET @OLD_CHARACTER_SET_RESULTS=@@CHARACTER_SET_RESULTS */;
/*!40101 SET @OLD_COLLATION_CONNECTION=@@COLLATION_CONNECTION */;
/*!40101 SET NAMES utf8mb4 */;

--
-- Adatbázis: `olimpia`
--

-- --------------------------------------------------------

--
-- Tábla szerkezet ehhez a táblához `csapattagok`
--

CREATE TABLE `csapattagok` (
  `VERSENYZO_AZON` int(5) DEFAULT NULL,
  `CSAPAT_AZON` int(5) DEFAULT NULL
) ENGINE=InnoDB DEFAULT CHARSET=latin1;

--
-- A tábla adatainak kiíratása `csapattagok`
--

INSERT INTO `csapattagok` (`VERSENYZO_AZON`, `CSAPAT_AZON`) VALUES
(855, 1162),
(856, 1173),
(860, 1173),
(861, 1170),
(862, 1174),
(867, 1174),
(869, 1162),
(871, 1172),
(877, 1168),
(879, 1169),
(882, 1172),
(892, 1173),
(893, 1174),
(895, 1172),
(898, 1174),
(901, 1174),
(902, 1172),
(904, 1173),
(907, 1170),
(909, 1168),
(910, 1165),
(910, 1166),
(913, 1161),
(915, 1173),
(917, 1167),
(918, 1173),
(919, 1167),
(922, 1173),
(923, 1163),
(924, 1172),
(925, 1171),
(928, 1170),
(929, 1165),
(929, 1166),
(930, 1167),
(931, 1174),
(932, 1166),
(933, 1167),
(934, 1163),
(936, 1161),
(937, 1170),
(941, 1169),
(944, 1173),
(950, 1171),
(951, 1173),
(952, 1168),
(956, 1169),
(959, 1174),
(960, 1174),
(965, 1172),
(969, 1172),
(974, 1164),
(975, 1164),
(977, 1174),
(979, 1162),
(980, 1172),
(981, 1166),
(985, 1174),
(988, 1173),
(991, 1169),
(992, 1172),
(993, 1174),
(995, 1172),
(996, 1174),
(999, 1174),
(1000, 1171),
(1003, 1172),
(1004, 1173),
(1005, 1173),
(1006, 1171),
(1009, 1173),
(1012, 1162),
(1013, 1168),
(1014, 1174),
(1017, 1172),
(1018, 1172),
(1107, 1304),
(1109, 1304),
(1118, 1303),
(1119, 1303);

-- --------------------------------------------------------

--
-- Tábla szerkezet ehhez a táblához `eredmenyek`
--

CREATE TABLE `eredmenyek` (
  `VERSENYZO_AZON` int(5) DEFAULT NULL,
  `VERSENYSZAM_AZON` int(5) DEFAULT NULL,
  `HELYEZES` int(3) DEFAULT NULL,
  `MEGJEGYZES` varchar(150) DEFAULT NULL
) ENGINE=InnoDB DEFAULT CHARSET=latin1;

--
-- A tábla adatainak kiíratása `eredmenyek`
--

INSERT INTO `eredmenyek` (`VERSENYZO_AZON`, `VERSENYSZAM_AZON`, `HELYEZES`, `MEGJEGYZES`) VALUES
(872, 180, 46, ''),
(883, 192, 29, ''),
(884, 181, 8, ''),
(886, 188, 39, ''),
(911, 186, 22, ''),
(920, 179, 21, ''),
(935, 181, 21, ''),
(940, 184, 34, ''),
(947, 181, 13, ''),
(957, 182, NULL, 'helyezetlen'),
(958, 193, 34, ''),
(961, 190, 27, ''),
(962, 183, 4, ''),
(966, 189, 35, ''),
(970, 194, 65, ''),
(972, 194, NULL, 'nem ért célba'),
(982, 191, 22, ''),
(984, 195, 26, ''),
(1010, 187, 36, ''),
(1019, 185, NULL, 'feladta'),
(848, 201, 8, ''),
(850, 198, 5, ''),
(878, 196, 8, ''),
(885, 199, 2, ''),
(921, 203, 8, ''),
(943, 197, 9, ''),
(976, 204, 15, ''),
(1011, 202, 20, ''),
(1015, 200, 17, ''),
(849, 209, 7, ''),
(865, 205, NULL, '17-32.'),
(874, 208, 7, ''),
(897, 206, 7, ''),
(948, 210, 7, ''),
(1001, 207, NULL, '9-16'),
(852, 224, 26, ''),
(894, 225, 24, '5260'),
(903, 224, 19, ''),
(1016, 225, 20, '5300'),
(857, 211, 9, '3:32.120'),
(1012, 212, 6, '1:38.318'),
(1002, 216, 1, '3:50.467'),
(1002, 217, 9, '1:50.156'),
(929, 220, 4, '1:51.139'),
(890, 226, NULL, 'nem ért célba'),
(946, 227, 28, ''),
(973, 228, 36, ''),
(863, 229, 19, ''),
(896, 229, 24, ''),
(945, 230, 50, ''),
(919, 231, 19, ''),
(930, 232, 35, ''),
(851, 233, 31, ''),
(973, 233, 19, ''),
(896, 234, 5, '2:09.22'),
(873, 235, 1, '1:52.70 (új Európa-csúcs) LK'),
(917, 235, 22, ''),
(873, 236, 2, '1:56.52'),
(917, 236, 17, ''),
(889, 237, 32, ''),
(873, 238, 2, '4:06,16 (új Európa-csúcs)'),
(919, 238, 6, '4:12,84'),
(994, 240, 9, ''),
(997, 241, 40, ''),
(990, 242, 24, ''),
(964, 243, 41, ''),
(877, 244, 13, ''),
(952, 245, 11, '1:58.15'),
(990, 246, 18, ''),
(1013, 246, 17, ''),
(866, 247, 27, ''),
(868, 248, 18, ''),
(927, 248, 27, ''),
(905, 249, 17, ''),
(1013, 249, 9, ''),
(914, 250, 29, ''),
(905, 251, 12, ''),
(909, 251, 13, ''),
(881, 253, 41, ''),
(955, 254, 26, ''),
(879, 256, 19, ''),
(956, 256, 18, ''),
(991, 256, 15, ''),
(861, 258, 4, ''),
(907, 258, 12, ''),
(937, 258, 18, ''),
(953, 259, 14, ''),
(949, 260, 3, ''),
(986, 260, 12, ''),
(925, 262, 5, ''),
(950, 262, 10, ''),
(1006, 262, 12, ''),
(1181, 263, 1, ''),
(1182, 263, 2, ''),
(1183, 263, 3, ''),
(1184, 264, 2, ''),
(1185, 264, 3, ''),
(1186, 223, 1, ''),
(1187, 223, 2, ''),
(1188, 223, 3, ''),
(1201, 281, 1, ''),
(1202, 281, 2, ''),
(1203, 281, 3, ''),
(1204, 282, 1, ''),
(1205, 282, 2, ''),
(1206, 282, 3, ''),
(1207, 252, 1, '7:44.31'),
(1208, 252, 2, '7:45.93'),
(1209, 252, 3, '7:46.33'),
(1210, 252, 4, '7:49.76'),
(1211, 252, 5, '7:50.66'),
(1221, 222, 1, '1:32.231'),
(1222, 222, 3, '1:34.704'),
(1241, 213, 1, '3:11.809'),
(1242, 213, 2, '3:13.580'),
(1243, 213, 3, '3:14.750'),
(1244, 213, 4, '3:14.828'),
(1261, 218, 1, '3:36.365'),
(1262, 218, 2, '3:36.588'),
(1281, 215, 1, '2:55.714'),
(1282, 215, 2, '2:56.593'),
(1283, 215, 3, '2:56.676'),
(1284, 215, 4, '2:57.626'),
(1301, 214, 1, '1:28.736'),
(1241, 214, 2, '1:28.827'),
(1302, 214, 3, '1:30.005'),
(1303, 221, 2, '1:42.092'),
(1304, 221, 3, '1:42.128'),
(1135, 216, 2, '3:52.751'),
(1114, 216, 3, '3:53.653'),
(1124, 211, 1, '3:26.323'),
(1128, 211, 2, '3:27.342'),
(1103, 211, 3, '3:27.485'),
(1140, 220, 1, '1:50.673'),
(1131, 220, 2, '1:50.677'),
(1126, 220, 3, '1:51.022'),
(1133, 217, 1, '1:47.140'),
(1135, 217, 2, '1:48.397'),
(1141, 217, 3, '1:48.766'),
(1103, 212, 1, '1:37.252'),
(1112, 212, 2, '1:37.630'),
(1124, 212, 3, '1:37.671'),
(1132, 224, 1, '5632'),
(1122, 224, 2, '5548'),
(1121, 224, 3, '5524'),
(1127, 225, 1, '5792'),
(1123, 225, 2, '5752'),
(1142, 225, 3, '5672'),
(1106, 225, 4, '5640'),
(1115, 225, 5, '5612'),
(1120, 225, 6, '5564'),
(1104, 238, 1, '4:03,84 (új világcsúcs; régi: Phelps 4:05,25 ? 2008. 06. 29.)'),
(1105, 238, 3, '4:08,09'),
(1104, 235, 2, '1:52.03 (új világcsúcs) LK'),
(1111, 235, 3, '1:52.97'),
(1139, 235, 4, '1:54.35'),
(1117, 235, 4, '1:54.35'),
(1130, 245, 1, '1:54.82 (új világcsúcs)'),
(1137, 245, 2, '1:54.97'),
(1116, 245, 3, '1:55.05'),
(1110, 234, 1, '2:07.64'),
(1102, 234, 2, '2:08.88'),
(1108, 234, 3, '2:08.94'),
(1113, 234, 4, '2:09.03'),
(1104, 236, 1, '1:54.23'),
(1105, 236, 3, '1:56.53'),
(1125, 260, 1, ''),
(1134, 260, 2, ''),
(1129, 199, 1, ''),
(1138, 199, 3, ''),
(1136, 199, 3, ''),
(1161, 213, 5, '3:15.049'),
(1161, 214, 4, '1:30.285'),
(1162, 215, 5, '2:59.009'),
(1163, 218, 3, '3:40.258'),
(1164, 219, NULL, 'Középdönt?'),
(1165, 221, 1, '1:41.308'),
(1166, 222, 2, '1:32.971'),
(1167, 239, 13, ''),
(1168, 252, 6, '7:55.53'),
(1169, 255, 7, ''),
(1170, 257, 5, ''),
(1171, 261, 4, ''),
(1172, 263, 4, ''),
(1173, 264, 1, ''),
(1174, 223, 4, '');

-- --------------------------------------------------------

--
-- Tábla szerkezet ehhez a táblához `erem_tabla`
--

CREATE TABLE `erem_tabla` (
  `ORSZAG_AZON` int(5) DEFAULT NULL,
  `ARANY` int(2) DEFAULT NULL,
  `EZUST` int(2) DEFAULT NULL,
  `BRONZ` int(2) DEFAULT NULL
) ENGINE=InnoDB DEFAULT CHARSET=latin1;

--
-- A tábla adatainak kiíratása `erem_tabla`
--

INSERT INTO `erem_tabla` (`ORSZAG_AZON`, `ARANY`, `EZUST`, `BRONZ`) VALUES
(109, 51, 21, 28),
(4, 36, 38, 36),
(166, 23, 21, 28),
(51, 19, 13, 15),
(156, 16, 10, 15),
(13, 14, 15, 17),
(44, 13, 10, 8),
(97, 9, 6, 10),
(164, 8, 10, 10),
(67, 7, 16, 17),
(225, 7, 5, 15),
(85, 7, 5, 4),
(96, 6, 3, 2),
(191, 5, 10, 3),
(108, 5, 5, 4),
(61, 4, 5, 10),
(179, 4, 1, 3),
(59, 4, 1, 2),
(104, 3, 9, 6),
(120, 3, 6, 1),
(131, 3, 5, 2),
(162, 3, 5, 2),
(29, 3, 4, 8),
(41, 3, 3, 0),
(203, 3, 2, 1),
(224, 3, 1, 5),
(76, 3, 0, 3),
(117, 2, 11, 11),
(106, 2, 4, 7),
(42, 2, 2, 3),
(149, 2, 2, 0),
(212, 2, 2, 0),
(57, 2, 1, 3),
(11, 2, 0, 4),
(194, 2, 0, 4),
(145, 2, 0, 1),
(216, 1, 4, 3),
(234, 1, 3, 0),
(15, 1, 2, 4),
(227, 1, 2, 3),
(204, 1, 2, 2),
(32, 1, 1, 3),
(90, 1, 1, 3),
(64, 1, 1, 2),
(122, 1, 1, 1),
(20, 1, 1, 0),
(46, 1, 1, 0),
(58, 1, 1, 0),
(176, 1, 1, 0),
(89, 1, 0, 2),
(92, 1, 0, 1),
(17, 1, 0, 0),
(103, 1, 0, 0),
(171, 1, 0, 0),
(218, 1, 0, 0),
(195, 0, 4, 1),
(88, 0, 2, 3),
(127, 0, 2, 3),
(73, 0, 2, 2),
(217, 0, 2, 0),
(160, 0, 1, 3),
(14, 0, 1, 2),
(93, 0, 1, 2),
(200, 0, 1, 2),
(3, 0, 1, 1),
(16, 0, 1, 1),
(110, 0, 1, 1),
(112, 0, 1, 1),
(139, 0, 1, 1),
(209, 0, 1, 1),
(35, 0, 1, 0),
(43, 0, 1, 0),
(48, 0, 1, 0),
(94, 0, 1, 0),
(133, 0, 1, 0),
(201, 0, 1, 0),
(207, 0, 1, 0),
(231, 0, 1, 0),
(167, 0, 0, 6),
(210, 0, 0, 4),
(1, 0, 0, 1),
(52, 0, 0, 1),
(95, 0, 0, 1),
(147, 0, 0, 1),
(143, 0, 0, 1),
(213, 0, 0, 1),
(230, 0, 0, 1);

-- --------------------------------------------------------

--
-- Tábla szerkezet ehhez a táblához `orszagok`
--

CREATE TABLE `orszagok` (
  `AZON` int(5) NOT NULL DEFAULT '0',
  `ORSZAG` varchar(50) DEFAULT NULL,
  `TERULET` int(10) DEFAULT NULL,
  `LAKOSSAG` int(10) DEFAULT NULL,
  `FOVAROS` varchar(40) DEFAULT NULL,
  `FOLDRESZ` varchar(50) DEFAULT NULL
) ENGINE=MyISAM DEFAULT CHARSET=latin1;

--
-- A tábla adatainak kiíratása `orszagok`
--

INSERT INTO `orszagok` (`AZON`, `ORSZAG`, `TERULET`, `LAKOSSAG`, `FOVAROS`, `FOLDRESZ`) VALUES
(1, 'Afganisztán', 647500, 32738376, 'Kabul', 'Ázsia'),
(2, 'Albánia', 28748, 3619778, 'Tirana', 'Európa'),
(3, 'Algéria', 2381740, 33769669, 'Algír', 'Afrika'),
(4, 'Amerikai Egyesült \r\n\r\nÁllamok', 9631418, 304814512, 'Washington D.C.', 'Észak- és Közép-Amerika'),
(5, 'Amerikai Szamoa (USA \r\n\r\nfügg? területe)', NULL, 57496, '', 'Ausztrália és Óceánia'),
(6, 'Amerikai Virgin-\r\n\r\nszigetek (USA függ? területe)', NULL, 108210, '', 'Észak- és Közép-Amerika'),
(7, 'Andorra', 468, 81222, 'Andorra la Vella', 'Európa'),
(8, 'Angola', 1246700, 12537757, 'Luanda', 'Afrika'),
(9, 'Anguilla (Brit \r\n\r\nkoronafügg?ség)', NULL, 14108, 'St. John''s', 'Észak- és Közép-Amerika'),
(10, 'Antigua és Barbuda', 443, 69842, '', 'Észak- és Közép-Amerika'),
(11, 'Argentína', 2766890, 39745613, 'Buenos Aires', 'Dél-Amerika'),
(12, 'Aruba (Hollandia \r\n\r\nautonóm területe)', NULL, 101541, '', 'Észak- és Közép-Amerika'),
(13, 'Ausztrália', 7686850, 21310250, 'Canberra', 'Ausztrália és Óceánia'),
(14, 'Ausztria', 83870, 8334325, 'Bécs', 'Európa'),
(15, 'Azerbajdzsán', 86600, 8177717, 'Baki', 'Ázsia'),
(16, 'Bahama-szigetek', 13940, 307451, 'Nassau', 'Észak- és Közép-Amerika'),
(17, 'Bahrein', 665, 718306, 'Manáma', 'Ázsia'),
(18, 'Banglades', 144000, 153546901, 'Dakka', 'Ázsia'),
(19, 'Barbados', 431, 281968, 'Bridgetown', 'Észak- és Közép-Amerika'),
(20, 'Belgium', 30528, 10584534, 'Brüsszel', 'Európa'),
(21, 'Belize', 22966, 301270, 'Belmopan', 'Észak- és Közép-Amerika'),
(22, 'Benin', 112620, 8294941, 'Porto Novo', 'Afrika'),
(23, 'Bermuda (Brit \r\n\r\nkoronafügg?ség)', NULL, 66536, '', 'Észak- és Közép-Amerika'),
(24, 'Bhután', 47000, 682321, 'Timpu', 'Ázsia'),
(25, 'Bissau-Guinea', 36120, 1503182, 'Bissau', 'Afrika'),
(26, 'Bolívia', 1098580, 9247816, 'Sucre', 'Dél-Amerika'),
(27, 'Bosznia-Hercegovina', 51129, 4590310, 'Szarajevó', 'Európa'),
(28, 'Botswana', 600370, 1842323, 'Gaborone', 'Afrika'),
(29, 'Brazília', 8514876, 187078805, 'Brazíliaváros', 'Dél-Amerika'),
(30, 'Brit Virgin-szigetek \r\n\r\n(Brit koronafügg?ség)', NULL, 24004, '', 'Észak- és Közép-Amerika'),
(31, 'Brunei', 5770, 381371, 'Bandar Seri Begawan', 'Ázsia'),
(32, 'Bulgária', 111002, 7262675, 'Szófia', 'Európa'),
(33, 'Burkina Faso', 274200, 15264735, 'Ouagadougou', 'Afrika'),
(34, 'Burundi', 27830, 8691005, 'Bujumbura', 'Afrika'),
(35, 'Chile', 756096, 16763470, 'Santiago de Chile', 'Dél-Amerika'),
(36, 'Ciprus', 9250, 792604, 'Nicosia', 'Ázsia'),
(37, 'Comore-szigetek', 2170, 731775, 'Moroni', 'Afrika'),
(38, 'Cook-szigetek (Új-\r\n\r\nZéland függ? területe)', NULL, 21210, '', ''),
(39, 'Costa Rica', 51100, 4195914, 'San José', 'Észak- és Közép-Amerika'),
(40, 'Csád', 1284000, 10111337, 'N?Djamena', 'Afrika'),
(41, 'Csehország', 78866, 10381130, 'Prága', 'Európa'),
(42, 'Dánia', 43094, 5475791, 'Koppenhága', 'Európa'),
(43, 'Dél-afrikai \r\n\r\nKöztársaság', 1219912, 47850700, 'Pretoria', 'Afrika'),
(44, 'Dél-Korea', 98480, 49232844, 'Szöul', 'Ázsia'),
(45, 'Dominikai Közösség', 754, 72514, 'Roseau', 'Észak- és Közép-Amerika'),
(46, 'Dominikai \r\n\r\nKöztársaság', 48730, 9507133, 'Santo Domingo', 'Észak- és Közép-Amerika'),
(47, 'Dzsibuti', 23000, 506221, 'Dzsibuti', 'Afrika'),
(48, 'Ecuador', 283560, 13927650, 'Quito', 'Dél-Amerika'),
(49, 'Egyenlít?i-Guinea', 28051, 616459, 'Malabo', 'Afrika'),
(50, 'Egyesült Arab \r\n\r\nEmirátusok', 82880, 4621399, 'Abu-Dzabi', 'Ázsia'),
(51, 'Egyesült Királyság', 244820, 59668000, 'London', 'Európa'),
(52, 'Egyiptom', 1001450, 81713517, 'Kairó', 'Afrika'),
(53, 'El Salvador', NULL, 7066703, '', ''),
(54, 'Elefántcsontpart', 322460, 18373060, 'Yamoussoukro', 'Afrika'),
(55, 'Eritrea', 121320, 5028475, 'Aszmara', 'Afrika'),
(56, 'Északi-Mariana-\r\n\r\nszigetek (USA függ? területe)', NULL, 86616, '', ''),
(57, 'Észak-Korea (KNDK)', 120540, 23479089, 'Phenjan', 'Ázsia'),
(58, 'Észtország', 45226, 1340935, 'Tallinn', 'Európa'),
(59, 'Etiópia', 1127127, 77127000, 'Addis Abeba', 'Afrika'),
(60, 'Falkland-szigetek \r\n\r\n(Brit koronafügg?ség)', 12173, 3140, '', ''),
(61, 'Fehéroroszország', 207600, 9690000, 'Minszk', 'Európa'),
(62, 'Feröer-szigetek \r\n\r\n(Dánia)', NULL, 48547, '', 'Európa'),
(63, 'Fidzsi-szigetek', 18270, 827900, 'Suva', 'Ausztrália és Óceánia'),
(64, 'Finnország', 338145, 5310126, 'Helsinki', 'Európa'),
(65, 'Francia Guyana (DOM)', 91000, 209000, '', 'Dél-Amerika'),
(66, 'Francia Polinézia \r\n\r\n(TOM)', 4167, 259596, '', 'Ausztrália és Óceánia'),
(67, 'Franciaország', 547030, 64473140, 'Párizs', 'Európa'),
(68, 'Fülöp-szigetek', 300000, 88574614, 'Manila', 'Ázsia'),
(69, 'Gabon', 267667, 1485832, 'Libreville', 'Afrika'),
(70, 'Gambia', 11300, 1735464, 'Banjul', 'Afrika'),
(71, 'Ghána', 239460, 23382848, 'Accra', 'Afrika'),
(72, 'Gibraltár (Brit \r\n\r\nkoronafügg?ség)', NULL, 28875, '', 'Európa'),
(73, 'Görögország', 131940, 11171740, 'Athén', 'Európa'),
(74, 'Grenada', 344, 90343, 'St. George''s', 'Észak- és Közép-Amerika'),
(75, 'Grönland (Dánia)', 2166086, 56326, '', 'Észak- és Közép-Amerika'),
(76, 'Grúzia', 69700, 4630831, 'T''bilisi', 'Ázsia'),
(77, 'Guadeloupe (DOM)', NULL, 451000, '', ''),
(78, 'Guam (USA)', NULL, 175877, '', ''),
(79, 'Guatemala', 108890, 13002206, 'Guatemalaváros', 'Észak- és Közép-Amerika'),
(80, 'Guernsey (Brit \r\n\r\nkoronafügg?ség)', NULL, 61029, '', 'Európa'),
(81, 'Guinea', 245857, 10211437, 'Conakry', 'Afrika'),
(82, 'Guyana', 214970, 770794, 'Georgetown', 'Dél-Amerika'),
(83, 'Haiti', 27750, 8924553, 'Port-au-Prince', 'Észak- és Közép-Amerika'),
(84, 'Holland Antillák \r\n\r\n(Hollandia autonóm területe)', 960, 225369, '', 'Észak- és Közép-Amerika'),
(85, 'Hollandia', 41526, 16424546, 'Amszterdam', 'Európa'),
(86, 'Honduras', 112090, 7639327, 'Tegucigalpa', 'Észak- és Közép-Amerika'),
(87, 'Hongkong (Kína)', 1092, 6963100, '', ''),
(88, 'Horvátország', 56542, 4491543, 'Zágráb', 'Európa'),
(89, 'India', 3287590, 1129132842, 'Újdelhi', 'Ázsia'),
(90, 'Indonézia', 1919440, NULL, 'Jakarta', 'Ázsia'),
(91, 'Irak', 437072, 28221181, 'Bagdad', 'Ázsia'),
(92, 'Irán', 1648000, 65875223, 'Teherán', 'Ázsia'),
(93, 'Írország', 70280, 4339000, 'Dublin', 'Európa'),
(94, 'Izland', 103000, 316252, 'Reykjavík', 'Európa'),
(95, 'Izrael', 20770, 7273100, 'Tel-Aviv-Jaffa', 'Ázsia'),
(96, 'Jamaica', 10991, 2804332, 'Kingston', 'Észak- és Közép-Amerika'),
(97, 'Japán', 377835, 127730000, 'Tokió', 'Ázsia'),
(98, 'Jemen', 527970, 22400000, 'Szanaa', 'Ázsia'),
(99, 'Jersey(Brit \r\n\r\nkoronafügg?ség)', NULL, 88200, '', 'Európa'),
(100, 'Jordánia', 92300, 6198677, 'Ammán', 'Ázsia'),
(101, 'Kajmán-szigetek (Brit \r\n\r\nkoronafügg?ség)', NULL, 47862, '', 'Észak- és Közép-Amerika'),
(102, 'Kambodzsa', 181040, 14241640, 'Phnompen', 'Ázsia'),
(103, 'Kamerun', 475440, 18467692, 'Yaoundé', 'Afrika'),
(104, 'Kanada', 9984670, 33273617, 'Ottawa', 'Észak- és Közép-Amerika'),
(105, 'Katar', 11437, 928635, 'Doha', 'Ázsia'),
(106, 'Kazahsztán', 2717300, 15340533, 'Asztana', 'Ázsia'),
(107, 'Kelet-Timor', 15007, 1108777, 'Dili', 'Ázsia'),
(108, 'Kenya', 582650, 37953838, 'Nairobi', 'Afrika'),
(109, 'Kína', 9596960, 1315844000, 'Peking', 'Ázsia'),
(110, 'Kirgizisztán', 198500, 5356869, 'Biskek', 'Ázsia'),
(111, 'Kiribati', 811, 110356, 'Bairiki', 'Ausztrália és Óceánia'),
(112, 'Kolumbia', 1138910, 44094774, 'Bogotá', 'Dél-Amerika'),
(113, 'Kongói Demokratikus \r\n\r\nKöztársaság', 2345410, 66514506, 'Kinshasa', 'Afrika'),
(114, 'Kongói Köztársaság', 342000, 3903318, 'Brazzaville', 'Afrika'),
(115, 'Koszovó', 10887, 2126708, '', 'Európa'),
(116, 'Közép-afrikai \r\n\r\nKöztársaság', 622984, 4434873, 'Bangui', 'Afrika'),
(117, 'Kuba', 110860, 11423952, 'Havanna', 'Észak- és Közép-Amerika'),
(118, 'Kuvait', 17820, 2596799, 'Kuvaitváros ', 'Ázsia'),
(119, 'Laosz', 236800, 6677534, 'Vientián', 'Ázsia'),
(120, 'Lengyelország', 312685, 38115967, 'Varsó', 'Európa'),
(121, 'Lesotho', 30355, 2128180, 'Maseru', 'Afrika'),
(122, 'Lettország', 64589, 2268600, 'Riga', 'Európa'),
(123, 'Libanon', 10400, 3971941, 'Bejrút', 'Ázsia'),
(124, 'Libéria', 111370, 3334587, 'Monrovia', 'Afrika'),
(125, 'Líbia', 1759540, 6173579, 'Tripoli', 'Afrika'),
(126, 'Liechtenstein', 160, 35365, 'Vaduz', 'Európa'),
(127, 'Litvánia', 65200, 3361100, 'Vilnius', 'Európa'),
(128, 'Luxemburg', 2586, 476200, 'Luxembourg', 'Európa'),
(129, 'Macedónia', 25333, 2061315, 'Szkopje', 'Európa'),
(130, 'Madagaszkár', 587040, 20042551, 'Antananarivo', 'Afrika'),
(131, 'Magyarország', 93036, 10041000, 'Budapest', 'Európa'),
(132, 'Makaó (Kína)', NULL, 538100, '', ''),
(133, 'Malajzia', 329750, 27452091, 'Kuala Lumpur', 'Ázsia'),
(134, 'Malawi', 118480, 13931831, 'Lilongwe', 'Afrika'),
(135, 'Maldív-szigetek', 300, 379174, 'Malé', 'Ázsia'),
(136, 'Mali', 1240000, 12324029, 'Bamako', 'Afrika'),
(137, 'Málta', 316, 403532, 'Valletta', 'Európa'),
(138, 'Man sziget (Brit \r\n\r\nkoronafügg?ség)', 572, 80058, '', 'Európa'),
(139, 'Marokkó', 446550, 34343219, 'Rabat', 'Afrika'),
(140, 'Marshall-szigetek', 181, 63174, 'Dalap-Uliga-Darrit', 'Ausztrália és Óceánia'),
(141, 'Martinique (DOM)', 1100, 401000, '', 'Európa'),
(142, 'Mauritánia', 1030700, 3364940, 'Nouakchott', 'Afrika'),
(143, 'Mauritius', 2040, 1274189, 'Port Louis', 'Afrika'),
(144, 'Mayotte (DOM)', NULL, 186452, '', 'Afrika'),
(145, 'Mexikó', 1972550, 109955400, 'Mexikóváros', 'Észak- és Közép-Amerika'),
(146, 'Mikronézia', 702, 107665, 'Palikir', 'Ausztrália és Óceánia'),
(147, 'Moldova', 33843, 4324450, 'Chi?in?u', 'Európa'),
(148, 'Monaco', 2, 32796, 'Monaco', 'Európa'),
(149, 'Mongólia', 1564116, 2996081, 'Ulánbátor', 'Ázsia'),
(150, 'Montenegró', 13812, 678177, 'Podgorica', 'Európa'),
(151, 'Montserrat (Brit \r\n\r\nkoronafügg?ség)', NULL, 9638, '', 'Észak- és Közép-Amerika'),
(152, 'Mozambik', 801590, 21284701, 'Maputo', 'Afrika'),
(153, 'Myanmar', 678500, 47758181, 'Nepjida', 'Ázsia'),
(154, 'Namíbia', 825418, 2088669, 'Windhoek', 'Afrika'),
(155, 'Nauru', 21, 13770, 'Yaren', 'Ausztrália és Óceánia'),
(156, 'Németország', 357021, 82210000, 'Berlin', 'Európa'),
(157, 'Nepál', 140800, 26427399, 'Katmandu', 'Ázsia'),
(158, 'Nicaragua', 129494, 5785846, 'Managua', 'Észak- és Közép-Amerika'),
(160, 'Nigéria', 923768, 138283240, 'Abuja', 'Afrika'),
(161, 'Niue (Új-Zéland függ? \r\n\r\nterülete)', NULL, 1444, '', ''),
(162, 'Norvégia', 385199, 4763350, 'Oslo', 'Európa'),
(163, 'Nyugat-Szahara', 266000, 393831, '', 'Afrika'),
(164, 'Olaszország', 301230, 59448163, 'Róma', 'Európa'),
(165, 'Omán', 212460, 3311640, 'Maszkat', 'Ázsia'),
(166, 'Oroszország', 17075200, 142008838, 'Moszkva', ''),
(167, 'Örményország', 29800, 2968586, 'Jereván', 'Ázsia'),
(168, 'Pakisztán', 803940, 164284500, 'Iszlámábád', 'Ázsia'),
(169, 'Palau', 458, 21093, 'Melekeok', 'Ausztrália és Óceánia'),
(170, 'Palesztina', NULL, 3761676, '', 'Ázsia'),
(171, 'Panama', 78200, 3292693, 'Panamaváros', 'Észak- és Közép-Amerika'),
(172, 'Pápua Új-Guinea', 462840, 5931769, 'Port Moresby', 'Ausztrália és Óceánia'),
(173, 'Paraguay', 406750, 6831306, 'Asunción', 'Dél-Amerika'),
(174, 'Peru', 1285220, 28750770, 'Lima', 'Dél-Amerika'),
(175, 'Pitcairn-szigetek \r\n\r\n(Brit koronafügg?ség)', NULL, 48, '', ''),
(176, 'Portugália', 92391, 10676910, 'Lisszabon', 'Európa'),
(177, 'Puerto Rico (USA \r\n\r\ntársult állama)', 9104, 3958128, '', 'Észak- és Közép-Amerika'),
(178, 'Réunion (DOM)', NULL, 793000, '', ''),
(179, 'Románia', 237500, 23013376, 'Bukarest', 'Európa'),
(180, 'Ruanda', 26338, 10186063, 'Kigali', 'Afrika'),
(181, 'S?o Tomé és \r\n\r\nPríncipe', 1001, 206178, 'S?o Tomé', 'Afrika'),
(182, 'Saint Kitts és \r\n\r\nNevis', 261, 39619, 'Basseterre', 'Észak- és Közép-Amerika'),
(183, 'Saint Lucia', 616, 172884, 'Castries', 'Észak- és Közép-Amerika'),
(184, 'Saint Vincent', 389, 118432, 'Kingstown', ''),
(185, 'Saint-Pierre és \r\n\r\nMiquelon (TOM)', NULL, 7044, '', 'Észak- és Közép-Amerika'),
(186, 'Salamon-szigetek', 28450, 581318, 'Honiara', 'Ausztrália és Óceánia'),
(187, 'Salvador', 21040, NULL, 'San Salvador', 'Észak- és Közép-Amerika'),
(188, 'San Marino', 61, 29973, 'San Marino', 'Európa'),
(189, 'Seychelle-szigetek', 455, 82247, 'Victoria', 'Afrika'),
(190, 'Sierra Leone', 71740, 6294773, 'Freetown', 'Afrika'),
(191, 'Spanyolország', 504782, 45283259, 'Madrid', 'Európa'),
(192, 'Srí Lanka', 65610, 21128773, 'Colombo', 'Ázsia'),
(193, 'Suriname', 163270, 475996, 'Paramaribo', 'Dél-Amerika'),
(159, 'Niger', 1267000, 13272679, 'Niamey', 'Afrika'),
(194, 'Svájc', 41290, 7612800, 'Bern', 'Európa'),
(195, 'Svédország', 449964, 9192088, 'Stockholm', 'Európa'),
(196, 'Szamoa', 2944, 188359, 'Apia', 'Ausztrália és Óceánia'),
(197, 'Szaúd-Arábia', 1960582, 28161417, 'Rijád', 'Ázsia'),
(198, 'Szenegál', 196190, 12853259, 'Dakar', 'Afrika'),
(199, 'Szent Ilona (Brit \r\n\r\nkoronafügg?ség)', NULL, 7601, '', 'Afrika'),
(200, 'Szerbia', 77474, 7397651, 'Belgrád', 'Európa'),
(201, 'Szingapúr', 693, 4558600, 'Szingapúr', 'Ázsia'),
(202, 'Szíria', 185180, 19747586, 'Damaszkusz', 'Ázsia'),
(203, 'Szlovákia', 48845, 5400998, 'Pozsony', 'Európa'),
(204, 'Szlovénia', 20273, 1967000, 'Ljubljana', 'Európa'),
(205, 'Szomália', 637657, 9558666, 'Mogadishu', 'Afrika'),
(206, 'Szomáliföld', NULL, 3500000, '', 'Afrika'),
(207, 'Szudán', 2505810, 40218455, 'Kartúm', 'Afrika'),
(208, 'Szváziföld', 17363, 1128814, 'Mbabane', 'Afrika'),
(209, 'Tádzsikisztán', 143100, 7211884, 'Dusanbe', 'Ázsia'),
(210, 'Tajvan', NULL, 22978800, 'Tajpej', 'Ázsia'),
(211, 'Tanzánia', 945087, 40213162, 'Dodoma', 'Afrika'),
(212, 'Thaiföld', 514000, 64233000, 'Bangkok', 'Ázsia'),
(213, 'Togo', 56785, 5858673, 'Lomé', 'Afrika'),
(214, 'Tokelau (Új-Zéland \r\n\r\nfügg? területe)', NULL, 1433, '', ''),
(215, 'Tonga', 748, 119009, 'Nuku''alofa', 'Ausztrália és Óceánia'),
(216, 'Törökország', 780580, 70586256, 'Ankara', 'Ázsia'),
(217, 'Trinidad és Tobago', 5128, 1047366, 'Port of Spain', 'Észak- és Közép-Amerika'),
(218, 'Tunézia', 163610, 10383557, 'Tunisz', 'Afrika'),
(219, 'Turks- és Caicos-\r\n\r\nszigetek (Brit koronafügg?ség', NULL, 22353, '', 'Észak- és Közép-Amerika'),
(220, 'Tuvalu', 26, 12177, 'Vaiaku', 'Ausztrália és Óceánia'),
(221, 'Türkmenisztán', 488100, 5179571, 'Asgabat', 'Ázsia'),
(222, 'Uganda', 236040, 31367972, 'Kampala', 'Afrika'),
(223, 'Új-Kaledónia (TOM)', 19060, 240390, '', ''),
(224, 'Új-Zéland', 268680, 4028000, 'Wellington', 'Ausztrália és Óceánia'),
(225, 'Ukrajna', 603700, 46287138, 'Kijev', 'Európa'),
(226, 'Uruguay', 176220, 3477778, 'Montevideo', 'Dél-Amerika'),
(227, 'Üzbegisztán', 447400, 28268440, 'Taskent', 'Ázsia'),
(228, 'Vanuatu', 12200, 215446, 'Port Vila', 'Ausztrália és Óceánia'),
(229, 'Vatikán', 0, 1000, 'Vatikánváros', 'Európa'),
(230, 'Venezuela', 912050, 27888149, 'Caracas', 'Dél-Amerika'),
(231, 'Vietnam', 329560, 86116559, 'Hanoi', 'Ázsia'),
(232, 'Wallis és Futuna \r\n\r\n(TOM)', NULL, 16448, '', 'Ausztrália és Óceánia'),
(233, 'Zambia', 752614, 11669534, 'Lusaka', 'Afrika'),
(234, 'Zimbabwe', 390580, 12382920, 'Harare', 'Afrika'),
(235, 'Zöld-foki-szigetek', 4033, 426998, '', 'Afrika');

-- --------------------------------------------------------

--
-- Tábla szerkezet ehhez a táblához `sportagak`
--

CREATE TABLE `sportagak` (
  `AZON` int(5) DEFAULT NULL,
  `NEV` varchar(50) CHARACTER SET utf8 COLLATE utf8_hungarian_ci DEFAULT NULL
) ENGINE=InnoDB DEFAULT CHARSET=latin1;

--
-- A tábla adatainak kiíratása `sportagak`
--

INSERT INTO `sportagak` (`AZON`, `NEV`) VALUES
(301, 'Asztalitenisz'),
(302, 'Labdarúgás'),
(303, 'Szinkronúszás'),
(304, 'Atlétika'),
(305, 'Lovaglás'),
(306, 'Tékvandó'),
(307, 'Baseball'),
(308, 'Lövészet'),
(309, 'Tenisz'),
(310, 'Birkózás'),
(311, 'Műugrás'),
(312, 'Tollaslabda'),
(313, 'Cselgáncs'),
(314, 'Országúti kerékpár'),
(315, 'Torna'),
(316, 'Evezés'),
(317, 'Ökölvívás'),
(318, 'Trampolin'),
(319, 'Gyeplabda'),
(320, 'Öttusa'),
(321, 'Triatlon'),
(322, 'Hegyi kerékpár'),
(323, 'Pályakerékpár'),
(324, 'Úszás'),
(325, 'Íjászat'),
(326, 'Ritmikus sportgimnasztika'),
(327, 'Vitorlázás'),
(328, 'Kajak-kenu'),
(329, 'Röplabda'),
(330, 'Vívás'),
(331, 'Kajak-szlalom'),
(332, 'Softball'),
(333, 'Vízilabda'),
(334, 'Kézilabda'),
(335, 'Strandröplabda'),
(336, 'Kosárlabda'),
(337, 'Súlyemelés');

-- --------------------------------------------------------

--
-- Tábla szerkezet ehhez a táblához `versenyszamok`
--

CREATE TABLE `versenyszamok` (
  `AZON` int(5) DEFAULT NULL,
  `SPORTAG_AZON` int(5) DEFAULT NULL,
  `VERSENYSZAM` varchar(50) DEFAULT NULL,
  `FERFI_NOI` varchar(5) DEFAULT NULL
) ENGINE=InnoDB DEFAULT CHARSET=latin1;

--
-- A tábla adatainak kiíratása `versenyszamok`
--

INSERT INTO `versenyszamok` (`AZON`, `SPORTAG_AZON`, `VERSENYSZAM`, `FERFI_NOI`) VALUES
(177, 301, 'egyéni', 'n?i'),
(178, 301, 'egyéni', 'férfi'),
(179, 304, '110 m gátfutás', 'férfi'),
(180, 304, '50 km gyaloglás', 'férfi'),
(181, 304, 'diszkoszvetés', 'férfi'),
(182, 304, 'gerelyhajítás', 'férfi'),
(183, 304, 'kalapácsvetés', 'férfi'),
(184, 304, 'súlylökés', 'férfi'),
(185, 304, 'tízpróba', 'férfi'),
(186, 304, '10 000 m síkfutás', 'n?i'),
(187, 304, '100 m gátfutás', 'n?i'),
(188, 304, '20 km gyaloglás', 'n?i'),
(189, 304, '400 m síkfutás', 'n?i'),
(190, 304, '5000 m síkfutás', 'n?i'),
(191, 304, 'gerelyhajítás', 'n?i'),
(192, 304, 'hétpróba', 'n?i'),
(193, 304, 'kalapácsvetés', 'n?i'),
(194, 304, 'maratonfutás', 'n?i'),
(195, 304, 'rúdugrás', 'n?i'),
(196, 310, 'kötöttfogás 120 kg', 'férfi'),
(197, 310, 'kötöttfogás 66 kg', 'férfi'),
(198, 310, 'kötöttfogás 74 kg', 'férfi'),
(199, 310, 'kötöttfogás 84 kg', 'férfi'),
(200, 310, 'kötöttfogás 96 kg', 'férfi'),
(201, 310, 'szabadfogás 120 kg', 'férfi'),
(202, 310, 'szabadfogás 74 kg', 'férfi'),
(203, 310, 'szabadfogás 96 kg', 'férfi'),
(204, 310, '63 kg', 'n?i'),
(205, 313, '+100 kg', 'férfi'),
(206, 313, '100 kg', 'férfi'),
(207, 313, '66 kg', 'férfi'),
(208, 313, '48 kg', 'n?i'),
(209, 313, '57 kg', 'n?i'),
(210, 313, '70 kg', 'n?i'),
(211, 328, 'kajak egyes 1000 m', 'férfi'),
(212, 328, 'kajak egyes 500 m', 'férfi'),
(213, 328, 'kajak kettes 1000 m', 'férfi'),
(214, 328, 'kajak kettes 500 m', 'férfi'),
(215, 328, 'kajak négyes 1000 m', 'férfi'),
(216, 328, 'kenu egyes 1000 m', 'férfi'),
(217, 328, 'kenu egyes 500 m', 'férfi'),
(218, 328, 'kenu kettes 1000 m', 'férfi'),
(219, 328, 'kenu kettes 500 m', 'férfi'),
(220, 328, 'kajak egyes 500 m', 'n?i'),
(221, 328, 'kajak kettes 500 m', 'n?i'),
(222, 328, 'kajak négyes 500 m', 'n?i'),
(223, 334, 'csapat', 'n?i'),
(224, 320, 'egyéni', 'férfi'),
(225, 320, 'egyéni', 'n?i'),
(226, 324, '10 km hosszútávúszás', 'férfi'),
(227, 324, '100 m gyorsúszás', 'férfi'),
(228, 324, '100 m hátúszás', 'férfi'),
(229, 324, '100 m mellúszás', 'férfi'),
(230, 324, '100 m pillangóúszás', 'férfi'),
(231, 324, '1500 m gyorsúszás', 'férfi'),
(232, 324, '200 m gyorsúszás', 'férfi'),
(233, 324, '200 m hátúszás', 'férfi'),
(234, 324, '200 m mellúszás', 'férfi'),
(235, 324, '200 m pillangóúszás', 'férfi'),
(236, 324, '200 m vegyesúszás', 'férfi'),
(237, 324, '400 m gyorsúszás', 'férfi'),
(238, 324, '400 m vegyesúszás', 'férfi'),
(239, 324, '4x200 m gyorsúszó váltó', 'férfi'),
(240, 324, '50 m gyorsúszás', 'férfi'),
(241, 324, '100 m gyorsúszás', 'n?i'),
(242, 324, '100 m hátúszás', 'n?i'),
(243, 324, '100 m mellúszás', 'n?i'),
(244, 324, '100 m pillangóúszás', 'n?i'),
(245, 324, '200 m gyorsúszás', 'n?i'),
(246, 324, '200 m hátúszás', 'n?i'),
(247, 324, '200 m mellúszás', 'n?i'),
(248, 324, '200 m pillangóúszás', 'n?i'),
(249, 324, '200 m vegyesúszás', 'n?i'),
(250, 324, '400 m gyorsúszás', 'n?i'),
(251, 324, '400 m vegyesúszás', 'n?i'),
(252, 324, '4x200 m gyorsúszó váltó', 'n?i'),
(253, 324, '50 m gyorsúszás', 'n?i'),
(254, 324, '800 m gyorsúszás', 'n?i'),
(255, 330, 'kard csapat', 'férfi'),
(256, 330, 'kard egyéni', 'férfi'),
(257, 330, 'párbajt?r csapat', 'férfi'),
(258, 330, 'párbajt?r egyéni', 'férfi'),
(259, 330, 'kard egyéni', 'n?i'),
(260, 330, 'párbajt?r egyéni', 'n?i'),
(261, 330, 't?r csapat', 'n?i'),
(262, 330, 't?r egyéni', 'n?i'),
(263, 333, 'csapat', 'n?i'),
(264, 333, 'csapat', 'férfi'),
(281, 302, 'csapat', 'n?i'),
(282, 302, 'csapat', 'férfi');

-- --------------------------------------------------------

--
-- Tábla szerkezet ehhez a táblához `versenyzok`
--

CREATE TABLE `versenyzok` (
  `AZON` int(5) DEFAULT NULL,
  `NEV` varchar(50) DEFAULT NULL,
  `SZUL_DAT` date DEFAULT NULL,
  `ORSZAG_AZON` int(5) DEFAULT NULL,
  `EGYEN_CSAPAT` varchar(1) DEFAULT NULL,
  `SZUL_HELY` varchar(50) DEFAULT NULL
) ENGINE=InnoDB DEFAULT CHARSET=latin1;

--
-- A tábla adatainak kiíratása `versenyzok`
--

INSERT INTO `versenyzok` (`AZON`, `NEV`, `SZUL_DAT`, `ORSZAG_AZON`, `EGYEN_CSAPAT`, `SZUL_HELY`) VALUES
(848, 'Aubéli Ottó', '1975-03-31', 131, 'e', 'Esztergom'),
(849, 'Baczkó Bernadett', '1986-01-08', 131, 'e', 'Budapest'),
(850, 'Bácsi Péter', '1983-05-15', 131, 'e', 'Budapest'),
(851, 'Balog Gábor', '1990-09-02', 131, 'e', 'Békéscsaba'),
(852, 'Balogh Gábor', '1976-08-05', 131, 'e', 'Budapest'),
(853, 'Barta Nóra', '1984-04-02', 131, 'e', 'Budapest'),
(854, 'Bedák Pál', '1985-09-08', 131, 'e', 'Budapest'),
(855, 'Beé István', '1972-07-04', 131, 'e', 'Budapest'),
(856, 'Benedek Tibor', '1972-07-12', 131, 'e', 'Budapest'),
(857, 'Benk? Zoltán', '1983-06-13', 131, 'e', 'Budapest'),
(858, 'Berecz Zsombor', '1986-04-26', 131, 'e', 'Budapest'),
(859, 'Bernek Péter', '1992-04-13', 131, 'e', 'Budapest'),
(860, 'Biros Péter', '1976-04-05', 131, 'e', 'Miskolc'),
(861, 'Boczkó Gábor', '1977-04-01', 131, 'e', 'Tapolca'),
(862, 'Bódi Bernadett', '1986-03-09', 131, 'e', 'Szeged'),
(863, 'Bodor Richárd', '1979-03-10', 131, 'e', 'Pécs'),
(864, 'Bodrogi László', '1976-12-11', 131, 'e', 'Budapest'),
(865, 'Bor Barna', '1986-12-12', 131, 'e', 'Kerepestarcsa'),
(866, 'Bor Katalin', '1990-02-10', 131, 'e', 'Budapest'),
(867, 'Borbás Rita', '1980-12-21', 131, 'e', 'Budapest'),
(868, 'Boulsevitz Beatrix', '1987-02-15', 131, 'e', 'Budapest'),
(869, 'Bozsik Gábor', '1981-10-26', 131, 'e', 'Budapest'),
(870, 'Böczög? Dorina', '1992-02-15', 131, 'e', 'Orosháza'),
(871, 'Brávik Fruzsina', '1986-10-06', 131, 'e', 'Dunaújváros'),
(872, 'Czukor Zoltán', '1962-12-18', 131, 'e', 'Komló'),
(873, 'Cseh László', '1985-12-03', 131, 'e', 'Budapest'),
(874, 'Csernoviczki Éva', '1986-10-16', 131, 'e', 'Tatabánya'),
(875, 'Csíkné Tóth Anita', '1979-11-12', 131, 'e', 'Szolnok'),
(876, 'Csonka Zsófia', '1983-09-12', 131, 'e', 'Pécs'),
(877, 'Dara Eszter', '1990-05-30', 131, 'e', 'Budapest'),
(878, 'Deák Bárdos Mihály', '1975-01-30', 131, 'e', 'Miskolc'),
(879, 'Decsi Tamás', '1982-10-15', 131, 'e', 'Kazincbarcika'),
(880, 'Detre Diána', '1983-11-22', 131, 'e', 'Budapest'),
(881, 'Dobár Éva', '1993-03-04', 131, 'e', 'Miskolc'),
(882, 'Drávucz Rita', '1980-04-14', 131, 'e', 'Szolnok'),
(883, 'Farkas Györgyi', '1985-02-13', 131, 'e', 'Budapest'),
(884, 'Fazekas Róbert', '1978-08-18', 131, 'e', 'Szombathely'),
(885, 'Fodor Zoltán', '1985-07-29', 131, 'e', 'Budapest'),
(886, 'Füsti Edina', '1982-06-24', 131, 'e', 'Ózd'),
(887, 'Gádorfalvi Áron', '1977-12-05', 131, 'e', 'Budapest'),
(888, 'Gál Róbert', '1979-03-30', 131, 'e', 'Budapest'),
(889, 'Gercsák Balázs', '1986-10-14', 131, 'e', 'Budapest'),
(890, 'Gercsák Csaba', '1988-08-19', 131, 'e', 'Budapest'),
(891, 'Gerebics Roland', '1979-09-06', 131, 'e', 'Várpalota'),
(892, 'Gergely István', '1976-08-20', 131, 'e', 'Dunaszerdahely (Szlovákia)'),
(893, 'Görbicz Anita', '1983-05-13', 131, 'e', 'Veszprém'),
(894, 'Gyenesei Leila', '1986-04-22', 131, 'e', 'Kaposvár'),
(895, 'Györe Anett', '1981-12-10', 131, 'e', 'Budapest'),
(896, 'Gyurta Dániel', '1989-05-04', 131, 'e', 'Budapest'),
(897, 'Hadfi Dániel', '1982-05-13', 131, 'e', 'Budapest'),
(898, 'Herr Orsolya', '1984-11-23', 131, 'e', 'Tatabánya'),
(899, 'Hirling Zsolt', '1984-05-28', 131, 'e', 'Budapest'),
(900, 'Hódi Anikó', '1986-04-11', 131, 'e', 'Hódmez?vásárhely'),
(901, 'Hornyák Ágnes', '1982-09-02', 131, 'e', 'Mátészalka'),
(902, 'Horváth Patrícia', '1977-12-07', 131, 'e', 'Miskolc'),
(903, 'Horváth Viktor', '1978-02-26', 131, 'e', 'Székesfehérvár'),
(904, 'Hosnyánszky Norbert', '1984-03-04', 131, 'e', 'Budapest'),
(905, 'Hosszú Katinka', '1989-05-03', 131, 'e', 'Pécs'),
(906, 'Igaly Diána', '1965-01-31', 131, 'e', 'Budapest'),
(907, 'Imre Géza', '1974-12-23', 131, 'e', 'Budapest'),
(908, 'Jakab János', '1986-07-23', 131, 'e', 'Budapest'),
(909, 'Jakabos Zsuzsanna', '1989-04-03', 131, 'e', 'Pécs'),
(910, 'Janics Natasa', '1982-06-24', 131, 'e', 'Bácskapalánka (Szerbia)'),
(911, 'Kálovics Anikó', '1977-05-13', 131, 'e', 'Szombathely'),
(912, 'Kalucza Norbert', '1986-12-04', 131, 'e', 'Mátészalka'),
(913, 'Kammerer Zoltán', '1978-03-10', 131, 'e', 'Vác'),
(914, 'Kapás Boglárka', '1993-04-22', 131, 'e', 'Debrecen'),
(915, 'Kásás Tamás', '1976-07-20', 131, 'e', 'Budapest'),
(916, 'Káté Gyula', '1982-02-03', 131, 'e', 'Budapest'),
(917, 'Kerékjártó Tamás', '1979-07-09', 131, 'e', 'Miskolc'),
(918, 'Kis Gábor', '1982-09-27', 131, 'e', 'Budapest'),
(919, 'Kis Gerg?', '1988-01-19', 131, 'e', 'Tapolca'),
(920, 'Kiss Dániel', '1982-02-12', 131, 'e', 'Budapest'),
(921, 'Kiss Gergely', '1983-11-06', 131, 'e', 'Orosháza'),
(922, 'Kiss Gergely dr-', '1977-09-21', 131, 'e', 'Budapest'),
(923, 'Kiss Tamás', '1987-05-09', 131, 'e', 'Ajka'),
(924, 'Kisteleki Dóra', '1983-05-11', 131, 'e', 'Budapest'),
(925, 'Knapek Edina', '1977-10-05', 131, 'e', 'Budapest'),
(926, 'Kormos Vill?', '1988-08-02', 131, 'e', 'Budapest'),
(927, 'Kovács Emese', '1991-03-01', 131, 'e', 'Baja'),
(928, 'Kovács Iván', '1970-02-08', 131, 'e', 'Budapest'),
(929, 'Kovács Katalin', '1976-02-29', 131, 'e', 'Budapest'),
(930, 'Kovács Norbert', '1988-02-13', 131, 'e', 'Veszprém'),
(931, 'Kovacsicz Mónika', '1983-11-20', 131, 'e', 'Révkomárom (Szlovákia)'),
(932, 'Kozák Danuta', '1987-01-11', 131, 'e', 'Budapest'),
(933, 'Kozma Dominik', '1991-04-10', 131, 'e', 'Dunfermline (Skócia)'),
(934, 'Kozmann György', '1978-03-23', 131, 'e', 'Szekszárd'),
(935, 'K?vágó Zoltán', '1979-04-10', 131, 'e', 'Szolnok'),
(936, 'Kucsera Gábor', '1982-08-27', 131, 'e', 'Budapest'),
(937, 'Kulcsár Krisztián dr-', '1971-06-28', 131, 'e', 'Budapest'),
(938, 'Kusztor Péter', '1984-12-27', 131, 'e', 'Budapest'),
(939, 'Kuttor Csaba', '1975-08-19', 131, 'e', 'Miskolc'),
(940, 'Kürthy Lajos', '1986-10-22', 131, 'e', 'Mohács'),
(941, 'Lontay Balázs', '1984-03-18', 131, 'e', 'Budapest'),
(942, 'Lovas Petra', '1980-07-04', 131, 'e', 'Budapest'),
(943, 'L?rincz Tamás', '1986-12-20', 131, 'e', 'Cegléd'),
(944, 'Madaras Norbert', '1979-12-01', 131, 'e', 'Eger'),
(945, 'Madarassy Ádám', '1985-03-14', 131, 'e', 'Budapest'),
(946, 'Makány Balázs', '1987-05-23', 131, 'e', 'Pécs'),
(947, 'Máté Gábor', '1979-02-09', 131, 'e', 'Békéscsaba'),
(948, 'Mészáros Anett', '1987-07-14', 131, 'e', 'Budapest'),
(949, 'Mincza-Nébald Ildikó dr-', '1969-11-06', 131, 'e', 'Budapest'),
(950, 'Mohamed Aida', '1976-03-12', 131, 'e', 'Budapest'),
(951, 'Molnár Tamás dr-', '1975-08-02', 131, 'e', 'Szeged'),
(952, 'Mutina Ágnes', '1988-04-19', 131, 'e', 'Miskolc'),
(953, 'Nagy Orsolya', '1977-11-17', 131, 'e', 'Budapest'),
(954, 'Nagy Péter', '1985-04-11', 131, 'e', 'Ajka'),
(955, 'Nagy Réka', '1986-11-09', 131, 'e', 'Ajka'),
(956, 'Nemcsik Zsolt', '1977-08-15', 131, 'e', 'Budapest'),
(957, 'Olteán Csongor', '1984-04-08', 131, 'e', 'Sepsiszentgyörgy (Románia)'),
(958, 'Orbán Éva', '1984-11-29', 131, 'e', 'Pápa'),
(959, 'Orsó-Ferling Bernadett', '1977-07-13', 131, 'e', 'Tatabánya'),
(960, 'Pálinger Katalin', '1978-12-06', 131, 'e', 'Mosonmagyaróvár'),
(961, 'Papp Krisztina', '1982-12-17', 131, 'e', 'Eger'),
(962, 'Pars Krisztián', '1982-02-18', 131, 'e', 'Körmend'),
(963, 'Parti András', '1982-09-18', 131, 'e', 'Budapest'),
(964, 'Pecz Réka', '1992-06-21', 131, 'e', 'Budapest'),
(965, 'Pelle Anikó', '1978-09-28', 131, 'e', 'Budapest'),
(966, 'Petráhn Barbara', '1978-09-16', 131, 'e', 'Sopron'),
(967, 'Póta Georgina', '1985-01-13', 131, 'e', 'Budapest'),
(968, 'Povázsay Zoltán', '1988-03-04', 131, 'e', 'Budapest'),
(969, 'Primász Ágnes', '1980-03-05', 131, 'e', 'Dunaújváros'),
(970, 'Prokoppné Teveli Petra', '1979-11-01', 131, 'e', 'Siófok'),
(971, 'Radasics Vilmos', '1983-10-25', 131, 'e', 'Sopron'),
(972, 'Rakonczai Beáta', '1977-06-25', 131, 'e', 'Nyíregyháza'),
(973, 'Rudolf Roland', '1985-08-06', 131, 'e', 'Budapest'),
(974, 'Sáfrán Mátyás', '1986-01-23', 131, 'e', 'Székesfehérvár'),
(975, 'Sáfrán Mihály', '1985-03-21', 131, 'e', 'Székesfehérvár'),
(976, 'Sastin Marianna', '1983-07-10', 131, 'e', 'Mosonmagyaróvár'),
(977, 'Sepsiné Pigniczki Krisztina', '1975-09-18', 131, 'e', 'Makó'),
(978, 'Sidi Péter', '1978-09-11', 131, 'e', 'Komárom'),
(979, 'Sík Márton', '1984-01-28', 131, 'e', 'Szeged'),
(980, 'Stieber Mercedes', '1974-09-04', 131, 'e', 'Budapest'),
(981, 'Szabó Gabriella', '1986-08-14', 131, 'e', 'Budapest'),
(982, 'Szabó Nikolett', '1980-03-03', 131, 'e', 'Budapest'),
(983, 'Szabó Zita', '1974-11-13', 131, 'e', 'Karcag'),
(984, 'Szabóné Molnár Krisztina', '1976-04-08', 131, 'e', 'Budapest'),
(985, 'Szamoránsky Piroska', '1986-07-09', 131, 'e', 'Gy?r'),
(986, 'Szász Emese', '1982-09-07', 131, 'e', 'Budapest'),
(987, 'Szávay Ágnes', '1988-12-29', 131, 'e', 'Kiskunhalas'),
(988, 'Szécsi Zoltán', '1977-12-22', 131, 'e', 'Budapest'),
(989, 'Szell? Imre', '1983-07-27', 131, 'e', 'Cegléd'),
(990, 'Szepesi Nikolett', '1987-09-11', 131, 'e', 'Budapest'),
(991, 'Szilágyi Áron', '1990-01-14', 131, 'e', 'Budapest'),
(992, 'Szremkó Krisztina', '1972-01-06', 131, 'e', 'Dunaújváros'),
(993, 'Sz?cs Ibolya Gabriella', '1984-08-31', 131, 'e', 'Nagyvárad (Románia)'),
(994, 'Takács Krisztián', '1985-12-30', 131, 'e', 'Budapest'),
(995, 'Takács Orsolya', '1985-05-20', 131, 'e', 'Budapest'),
(996, 'Tomori Zsuzsanna', '1987-06-18', 131, 'e', 'Budapest'),
(997, 'Tompa Orsolya', '1991-07-14', 131, 'e', 'Budapest'),
(998, 'Tóth Krisztina', '1974-05-29', 131, 'e', 'Miskolc'),
(999, 'Tóth Tímea', '1980-09-16', 131, 'e', 'Zalaszentgrót'),
(1000, 'Ujlaky Virginie', '1984-02-13', 131, 'e', 'Neuilly-sur-Seine (Franciaország)'),
(1001, 'Ungvári Miklós', '1980-10-15', 131, 'e', 'Cegléd'),
(1002, 'Vajda Attila', '1983-03-17', 131, 'e', 'Szeged'),
(1003, 'Valkai Ágnes', '1981-02-27', 131, 'e', 'Lajosmizse'),
(1004, 'Varga Dániel', '1983-09-25', 131, 'e', 'Budapest'),
(1005, 'Varga Dénes', '1987-03-29', 131, 'e', 'Budapest'),
(1006, 'Varga Gabriella', '1982-04-07', 131, 'e', 'Budapest'),
(1007, 'Varga Miklós', '1987-08-26', 131, 'e', 'Debrecen'),
(1008, 'Varga Tamás', '1978-06-17', 131, 'e', 'Budapest'),
(1009, 'Varga Tamás', '1975-07-14', 131, 'e', 'Budapest'),
(1010, 'Vári Edit', '1975-05-31', 131, 'e', 'Mosonmagyaróvár'),
(1011, 'Veréb István', '1987-10-08', 131, 'e', 'nincs adat'),
(1012, 'Vereckei Ákos', '1977-08-26', 131, 'e', 'Budapest'),
(1013, 'Verrasztó Evelin', '1989-07-17', 131, 'e', 'Budapest'),
(1014, 'Vérten Orsolya', '1982-07-22', 131, 'e', 'Budapest'),
(1015, 'Virág Lajos', '1977-06-27', 131, 'e', 'Eger'),
(1016, 'Vörös Zsuzsanna', '1977-05-04', 131, 'e', 'Székesfehérvár'),
(1017, 'Zantleitner Krisztina', '1974-05-05', 131, 'e', 'Tatabánya'),
(1018, 'Zirighné Sós Ildikó', '1976-12-27', 131, 'e', 'Tatabánya'),
(1019, 'Zsivoczky-Pandel Attila', '1977-04-29', 131, 'e', 'Budapest'),
(847, 'Arn Gréta', '1979-04-13', 131, 'e', 'Budapest'),
(1102, 'Brenton Rickard', '2017-12-06', 13, 'e', ''),
(1103, 'Ken Wallace', '2017-12-06', 13, 'e', ''),
(1104, 'Michael Phelps', '2017-12-06', 4, 'e', ''),
(1105, 'Ryan Lochte', '2017-12-06', 4, 'e', ''),
(1106, 'Anasztaszja Szamuszevics', '2017-12-06', 61, 'e', ''),
(1107, 'Anne-Laure Viard', '2017-12-06', 67, 'e', ''),
(1108, 'Hugues Dubosq', '2017-12-06', 67, 'e', ''),
(1109, 'Marie Delattre', '2017-12-06', 67, 'e', ''),
(1110, 'Koszuke Kitadzsima', '2017-12-06', 97, 'e', ''),
(1111, 'Macuda Takesi', '2017-12-06', 97, 'e', ''),
(1112, 'Adam Van Koeverden', '2017-12-06', 104, 'e', ''),
(1113, 'Mike Andrew Brown', '2017-12-06', 104, 'e', ''),
(1114, 'Thomas Hall', '2017-12-06', 104, 'e', ''),
(1115, 'Csen Csian', '2017-12-06', 109, 'e', ''),
(1116, 'Pang Csia-Jing', '2017-12-06', 109, 'e', ''),
(1117, 'Vu Peng', '2017-12-06', 109, 'e', ''),
(1118, 'Aneta Konieczna', '2017-12-06', 120, 'e', ''),
(1119, 'Beata Mikolajczyk', '2017-12-06', 120, 'e', ''),
(1120, 'Paulina Boenisz', '2017-12-06', 120, 'e', ''),
(1121, 'Andrejus Zadneprovskis', '2017-12-06', 127, 'e', ''),
(1122, 'Edvinas Krungolcas', '2017-12-06', 127, 'e', ''),
(1123, 'Heather Fell', '2017-12-06', 51, 'e', ''),
(1124, 'Tim Brabants', '2017-12-06', 51, 'e', ''),
(1125, 'Britta Heidemann', '2017-12-06', 156, 'e', ''),
(1126, 'Katrin Wagner-Augustin', '2017-12-06', 156, 'e', ''),
(1127, 'Lena Schöneborn', '2017-12-06', 156, 'e', ''),
(1128, 'Eirik Veraas Larsen', '2017-12-06', 162, 'e', ''),
(1129, 'Andrea Minguzzi', '2017-12-06', 164, 'e', ''),
(1130, 'Federica Pellegrini', '2017-12-06', 164, 'e', ''),
(1131, 'Josefa Idem', '2017-12-06', 164, 'e', ''),
(1132, 'Andrej Mojszejev', '2017-12-06', 166, 'e', ''),
(1133, 'Makszim Opaljev', '2017-12-06', 166, 'e', ''),
(1134, 'Ana Maria Branza', '2017-12-06', 179, 'e', ''),
(1135, 'David Cal', '2017-12-06', 191, 'e', ''),
(1136, 'Ara Abrahamian', '2017-12-06', 195, 'e', ''),
(1137, 'Sara Isakovic', '2017-12-06', 204, 'e', ''),
(1138, 'Nazim Avluca', '2017-12-06', 216, 'e', ''),
(1139, 'Moss Burmester', '2017-12-06', 224, 'e', ''),
(1140, 'Inna Oszipenko-Radomska', '2017-12-06', 225, 'e', ''),
(1141, 'Jurij Cseban', '2017-12-06', 225, 'e', ''),
(1142, 'Viktoria Teresuk', '2017-12-06', 225, 'e', ''),
(1181, 'Vizilabda n?i', '2017-12-06', 85, 'c', ''),
(1182, 'Vizilabda n?i', '2017-12-06', 4, 'c', ''),
(1183, 'Vizilabda n?i', '2017-12-06', 13, 'c', ''),
(1184, 'Vizilabda férfi', '2017-12-06', 4, 'c', ''),
(1185, 'Vizilabda férfi', '2017-12-06', 200, 'c', ''),
(1186, 'Kézilabda n?i', '2017-12-06', 162, 'c', ''),
(1187, 'Kézilabda n?i', '2017-12-06', 166, 'c', ''),
(1188, 'Kézilabda n?i', '2017-12-06', 44, 'c', ''),
(1201, 'Labdarúgás n?i', '2017-12-06', 4, 'c', ''),
(1202, 'Labdarúgás n?i', '2017-12-06', 29, 'c', ''),
(1203, 'Labdarúgás n?i', '2017-12-06', 156, 'c', ''),
(1204, 'Labdarúgás férfi', '2017-12-06', 11, 'c', ''),
(1205, 'Labdarúgás férfi', '2017-12-06', 160, 'c', ''),
(1206, 'Labdarúgás férfi', '2017-12-06', 29, 'c', ''),
(1207, 'Úszás', '2017-12-06', 13, 'c', ''),
(1208, 'Úszás', '2017-12-06', 109, 'c', ''),
(1209, 'Úszás', '2017-12-06', 4, 'c', ''),
(1210, 'Úszás', '2017-12-06', 164, 'c', ''),
(1211, 'Úszás', '2017-12-06', 67, 'c', ''),
(1221, 'Kajak 4 n?i', '2017-12-06', 156, 'c', ''),
(1222, 'Kajak 4 n?i', '2017-12-06', 13, 'c', ''),
(1241, 'Kajak 2 férfi', '2017-12-06', 156, 'c', ''),
(1242, 'Kajak 2 férfi', '2017-12-06', 42, 'c', ''),
(1243, 'Kajak 2 férfi', '2017-12-06', 164, 'c', ''),
(1244, 'Kajak 2 férfi', '2017-12-06', 120, 'c', ''),
(1261, 'Kenu 2 férfi', '2017-12-06', 61, 'c', ''),
(1262, 'Kenu 2 férfi', '2017-12-06', 156, 'c', ''),
(1281, 'Kajak 4 férfi', '2017-12-06', 61, 'c', ''),
(1282, 'Kajak 4 férfi', '2017-12-06', 203, 'c', ''),
(1283, 'Kajak 4 férfi', '2017-12-06', 156, 'c', ''),
(1284, 'Kajak 4 férfi', '2017-12-06', 164, 'c', ''),
(1301, 'Kajak 2 férfi', '2017-12-06', 191, 'c', ''),
(1302, 'Kajak 2 férfi', '2017-12-06', 61, 'c', ''),
(1303, 'Kajak 2 n?i', '2017-12-06', 120, 'c', ''),
(1304, 'Kajak 2 n?i', '2017-12-06', 67, 'c', ''),
(1161, 'Kajak KK', '2017-12-06', 131, 'c', ''),
(1162, 'Kajak BBSV', '2017-12-06', 131, 'c', ''),
(1163, 'Kenu KK', '2017-12-06', 131, 'c', ''),
(1164, 'Kenu SS', '2017-12-06', 131, 'c', ''),
(1165, 'Kajak JK', '2017-12-06', 131, 'c', ''),
(1166, 'Kajak JKKSz', '2017-12-06', 131, 'c', ''),
(1167, 'Úszás KKKK', '2017-12-06', 131, 'c', ''),
(1168, 'Úszás DJMV', '2017-12-06', 131, 'c', ''),
(1169, 'Vívás DLNSz', '2017-12-06', 131, 'c', ''),
(1170, 'Vívás BIKK', '2017-12-06', 131, 'c', ''),
(1171, 'Vívás KMUV', '2017-12-06', 131, 'c', ''),
(1172, 'Vízilabda n?i', '2017-12-06', 131, 'c', ''),
(1173, 'Vízilabda férfi', '2017-12-06', 131, 'c', ''),
(1174, 'Kézilabda n?i', '2017-12-06', 131, 'c', '');

--
-- Indexek a kiírt táblákhoz
--

--
-- A tábla indexei `orszagok`
--
ALTER TABLE `orszagok`
  ADD PRIMARY KEY (`AZON`),
  ADD UNIQUE KEY `O_ORSZ_UK_ORSZ` (`ORSZAG`);

/*!40101 SET CHARACTER_SET_CLIENT=@OLD_CHARACTER_SET_CLIENT */;
/*!40101 SET CHARACTER_SET_RESULTS=@OLD_CHARACTER_SET_RESULTS */;
/*!40101 SET COLLATION_CONNECTION=@OLD_COLLATION_CONNECTION */;
